"","date","ID_1","NAME_1","t2m"
"1","2021-01-01",1,"Auckland",21.86
"2","2021-01-01",2,"Bay of Plenty",20.25
"3","2021-01-01",3,"Canterbury",17.4
"4","2021-01-01",4,"Chatham Islands",14.41
"5","2021-01-01",5,"Gisborne",20.71
"6","2021-01-01",6,"Hawke's Bay",20.65
"7","2021-01-01",7,"Manawatu-Wanganui",20.17
"8","2021-01-01",8,"Marlborough",18.41
"9","2021-01-01",9,"Nelson",18.75
"10","2021-01-01",10,"Northland",22.01
"11","2021-01-01",11,"Otago",13.4
"12","2021-01-01",12,"Southland",12.63
"13","2021-01-01",13,"Taranaki",20.38
"14","2021-01-01",14,"Waikato",21.43
"15","2021-01-01",15,"Wellington",18.76
"16","2021-01-01",16,"West Coast",15.96
"17","2021-01-02",1,"Auckland",20.87
"18","2021-01-02",2,"Bay of Plenty",20.19
"19","2021-01-02",3,"Canterbury",14.47
"20","2021-01-02",4,"Chatham Islands",14.84
"21","2021-01-02",5,"Gisborne",22.07
"22","2021-01-02",6,"Hawke's Bay",21.67
"23","2021-01-02",7,"Manawatu-Wanganui",19.06
"24","2021-01-02",8,"Marlborough",17.5
"25","2021-01-02",9,"Nelson",16.98
"26","2021-01-02",10,"Northland",21.69
"27","2021-01-02",11,"Otago",10.76
"28","2021-01-02",12,"Southland",12.24
"29","2021-01-02",13,"Taranaki",18.67
"30","2021-01-02",14,"Waikato",19.68
"31","2021-01-02",15,"Wellington",19.47
"32","2021-01-02",16,"West Coast",14.21
"33","2021-01-03",1,"Auckland",21.39
"34","2021-01-03",2,"Bay of Plenty",18.01
"35","2021-01-03",3,"Canterbury",16.18
"36","2021-01-03",4,"Chatham Islands",15.49
"37","2021-01-03",5,"Gisborne",19.75
"38","2021-01-03",6,"Hawke's Bay",20.04
"39","2021-01-03",7,"Manawatu-Wanganui",19.48
"40","2021-01-03",8,"Marlborough",16.15
"41","2021-01-03",9,"Nelson",15.41
"42","2021-01-03",10,"Northland",22.63
"43","2021-01-03",11,"Otago",14.45
"44","2021-01-03",12,"Southland",12.38
"45","2021-01-03",13,"Taranaki",19.91
"46","2021-01-03",14,"Waikato",19.58
"47","2021-01-03",15,"Wellington",18.65
"48","2021-01-03",16,"West Coast",13.74
"49","2021-01-04",1,"Auckland",22.28
"50","2021-01-04",2,"Bay of Plenty",20.8
"51","2021-01-04",3,"Canterbury",18.06
"52","2021-01-04",4,"Chatham Islands",16
"53","2021-01-04",5,"Gisborne",21.61
"54","2021-01-04",6,"Hawke's Bay",21.95
"55","2021-01-04",7,"Manawatu-Wanganui",19.83
"56","2021-01-04",8,"Marlborough",18.57
"57","2021-01-04",9,"Nelson",18.45
"58","2021-01-04",10,"Northland",22.89
"59","2021-01-04",11,"Otago",15.69
"60","2021-01-04",12,"Southland",14.67
"61","2021-01-04",13,"Taranaki",20.39
"62","2021-01-04",14,"Waikato",21.57
"63","2021-01-04",15,"Wellington",18.92
"64","2021-01-04",16,"West Coast",16.33
"65","2021-01-05",1,"Auckland",22.93
"66","2021-01-05",2,"Bay of Plenty",22.38
"67","2021-01-05",3,"Canterbury",14.63
"68","2021-01-05",4,"Chatham Islands",15.51
"69","2021-01-05",5,"Gisborne",22.4
"70","2021-01-05",6,"Hawke's Bay",22.23
"71","2021-01-05",7,"Manawatu-Wanganui",21.24
"72","2021-01-05",8,"Marlborough",18.98
"73","2021-01-05",9,"Nelson",18.75
"74","2021-01-05",10,"Northland",23.27
"75","2021-01-05",11,"Otago",12.33
"76","2021-01-05",12,"Southland",12.66
"77","2021-01-05",13,"Taranaki",21.71
"78","2021-01-05",14,"Waikato",22.71
"79","2021-01-05",15,"Wellington",19.84
"80","2021-01-05",16,"West Coast",14.18
"81","2021-01-06",1,"Auckland",23.46
"82","2021-01-06",2,"Bay of Plenty",24.15
"83","2021-01-06",3,"Canterbury",17.48
"84","2021-01-06",4,"Chatham Islands",15.36
"85","2021-01-06",5,"Gisborne",22.8
"86","2021-01-06",6,"Hawke's Bay",22.79
"87","2021-01-06",7,"Manawatu-Wanganui",20.7
"88","2021-01-06",8,"Marlborough",18.9
"89","2021-01-06",9,"Nelson",19.81
"90","2021-01-06",10,"Northland",24.14
"91","2021-01-06",11,"Otago",18.33
"92","2021-01-06",12,"Southland",18.58
"93","2021-01-06",13,"Taranaki",21.47
"94","2021-01-06",14,"Waikato",23.36
"95","2021-01-06",15,"Wellington",19.61
"96","2021-01-06",16,"West Coast",17.02
"97","2021-01-07",1,"Auckland",22.86
"98","2021-01-07",2,"Bay of Plenty",21.79
"99","2021-01-07",3,"Canterbury",20.35
"100","2021-01-07",4,"Chatham Islands",14.97
"101","2021-01-07",5,"Gisborne",23.94
"102","2021-01-07",6,"Hawke's Bay",22.64
"103","2021-01-07",7,"Manawatu-Wanganui",19.43
"104","2021-01-07",8,"Marlborough",19.21
"105","2021-01-07",9,"Nelson",18.19
"106","2021-01-07",10,"Northland",23.47
"107","2021-01-07",11,"Otago",17.84
"108","2021-01-07",12,"Southland",16.8
"109","2021-01-07",13,"Taranaki",19.67
"110","2021-01-07",14,"Waikato",21.26
"111","2021-01-07",15,"Wellington",19.22
"112","2021-01-07",16,"West Coast",16.74
"113","2021-01-08",1,"Auckland",20.28
"114","2021-01-08",2,"Bay of Plenty",19.14
"115","2021-01-08",3,"Canterbury",12.66
"116","2021-01-08",4,"Chatham Islands",16.5
"117","2021-01-08",5,"Gisborne",20.18
"118","2021-01-08",6,"Hawke's Bay",21.73
"119","2021-01-08",7,"Manawatu-Wanganui",19.72
"120","2021-01-08",8,"Marlborough",14.48
"121","2021-01-08",9,"Nelson",16.34
"122","2021-01-08",10,"Northland",20.16
"123","2021-01-08",11,"Otago",13.72
"124","2021-01-08",12,"Southland",13.56
"125","2021-01-08",13,"Taranaki",20.3
"126","2021-01-08",14,"Waikato",20.19
"127","2021-01-08",15,"Wellington",18.08
"128","2021-01-08",16,"West Coast",17.22
"129","2021-01-09",1,"Auckland",22.08
"130","2021-01-09",2,"Bay of Plenty",21.03
"131","2021-01-09",3,"Canterbury",17.3
"132","2021-01-09",4,"Chatham Islands",14.59
"133","2021-01-09",5,"Gisborne",19.9
"134","2021-01-09",6,"Hawke's Bay",18.1
"135","2021-01-09",7,"Manawatu-Wanganui",19.32
"136","2021-01-09",8,"Marlborough",15.68
"137","2021-01-09",9,"Nelson",17.31
"138","2021-01-09",10,"Northland",22.34
"139","2021-01-09",11,"Otago",17
"140","2021-01-09",12,"Southland",14.84
"141","2021-01-09",13,"Taranaki",21.07
"142","2021-01-09",14,"Waikato",21.74
"143","2021-01-09",15,"Wellington",17.18
"144","2021-01-09",16,"West Coast",17.39
"145","2021-01-10",1,"Auckland",21.79
"146","2021-01-10",2,"Bay of Plenty",21.66
"147","2021-01-10",3,"Canterbury",17.33
"148","2021-01-10",4,"Chatham Islands",14.15
"149","2021-01-10",5,"Gisborne",22.45
"150","2021-01-10",6,"Hawke's Bay",22.25
"151","2021-01-10",7,"Manawatu-Wanganui",19.8
"152","2021-01-10",8,"Marlborough",18.89
"153","2021-01-10",9,"Nelson",17.97
"154","2021-01-10",10,"Northland",22.3
"155","2021-01-10",11,"Otago",16.14
"156","2021-01-10",12,"Southland",14.02
"157","2021-01-10",13,"Taranaki",19.89
"158","2021-01-10",14,"Waikato",21.72
"159","2021-01-10",15,"Wellington",19.25
"160","2021-01-10",16,"West Coast",14.58
"161","2021-01-11",1,"Auckland",21.15
"162","2021-01-11",2,"Bay of Plenty",22.38
"163","2021-01-11",3,"Canterbury",16.13
"164","2021-01-11",4,"Chatham Islands",14.52
"165","2021-01-11",5,"Gisborne",22.05
"166","2021-01-11",6,"Hawke's Bay",20.96
"167","2021-01-11",7,"Manawatu-Wanganui",19.09
"168","2021-01-11",8,"Marlborough",17.51
"169","2021-01-11",9,"Nelson",18.98
"170","2021-01-11",10,"Northland",21.78
"171","2021-01-11",11,"Otago",15.71
"172","2021-01-11",12,"Southland",13.67
"173","2021-01-11",13,"Taranaki",19.41
"174","2021-01-11",14,"Waikato",20.83
"175","2021-01-11",15,"Wellington",17.82
"176","2021-01-11",16,"West Coast",15.93
"177","2021-01-12",1,"Auckland",22.47
"178","2021-01-12",2,"Bay of Plenty",21.37
"179","2021-01-12",3,"Canterbury",18.09
"180","2021-01-12",4,"Chatham Islands",14.52
"181","2021-01-12",5,"Gisborne",20.02
"182","2021-01-12",6,"Hawke's Bay",19.24
"183","2021-01-12",7,"Manawatu-Wanganui",20.5
"184","2021-01-12",8,"Marlborough",18.15
"185","2021-01-12",9,"Nelson",18.03
"186","2021-01-12",10,"Northland",22.55
"187","2021-01-12",11,"Otago",17.78
"188","2021-01-12",12,"Southland",17.52
"189","2021-01-12",13,"Taranaki",21.95
"190","2021-01-12",14,"Waikato",21.95
"191","2021-01-12",15,"Wellington",19.04
"192","2021-01-12",16,"West Coast",17.18
"193","2021-01-13",1,"Auckland",22.75
"194","2021-01-13",2,"Bay of Plenty",22.98
"195","2021-01-13",3,"Canterbury",20.13
"196","2021-01-13",4,"Chatham Islands",15.27
"197","2021-01-13",5,"Gisborne",21.03
"198","2021-01-13",6,"Hawke's Bay",21.31
"199","2021-01-13",7,"Manawatu-Wanganui",21.02
"200","2021-01-13",8,"Marlborough",20.41
"201","2021-01-13",9,"Nelson",19.92
"202","2021-01-13",10,"Northland",22.39
"203","2021-01-13",11,"Otago",19.73
"204","2021-01-13",12,"Southland",19.17
"205","2021-01-13",13,"Taranaki",21.75
"206","2021-01-13",14,"Waikato",23.16
"207","2021-01-13",15,"Wellington",20.5
"208","2021-01-13",16,"West Coast",18.25
"209","2021-01-14",1,"Auckland",22.82
"210","2021-01-14",2,"Bay of Plenty",22.7
"211","2021-01-14",3,"Canterbury",20.08
"212","2021-01-14",4,"Chatham Islands",15.84
"213","2021-01-14",5,"Gisborne",20.54
"214","2021-01-14",6,"Hawke's Bay",20.21
"215","2021-01-14",7,"Manawatu-Wanganui",21.37
"216","2021-01-14",8,"Marlborough",20.39
"217","2021-01-14",9,"Nelson",20.69
"218","2021-01-14",10,"Northland",23.21
"219","2021-01-14",11,"Otago",20.4
"220","2021-01-14",12,"Southland",18.95
"221","2021-01-14",13,"Taranaki",21.3
"222","2021-01-14",14,"Waikato",23.15
"223","2021-01-14",15,"Wellington",20.62
"224","2021-01-14",16,"West Coast",18.94
"225","2021-01-15",1,"Auckland",22.59
"226","2021-01-15",2,"Bay of Plenty",23.22
"227","2021-01-15",3,"Canterbury",19.93
"228","2021-01-15",4,"Chatham Islands",15.41
"229","2021-01-15",5,"Gisborne",21.23
"230","2021-01-15",6,"Hawke's Bay",20.84
"231","2021-01-15",7,"Manawatu-Wanganui",22.12
"232","2021-01-15",8,"Marlborough",20.38
"233","2021-01-15",9,"Nelson",21.12
"234","2021-01-15",10,"Northland",23.73
"235","2021-01-15",11,"Otago",20.41
"236","2021-01-15",12,"Southland",19.18
"237","2021-01-15",13,"Taranaki",22.34
"238","2021-01-15",14,"Waikato",22.99
"239","2021-01-15",15,"Wellington",20.31
"240","2021-01-15",16,"West Coast",19.48
"241","2021-01-16",1,"Auckland",22.46
"242","2021-01-16",2,"Bay of Plenty",23.22
"243","2021-01-16",3,"Canterbury",20.86
"244","2021-01-16",4,"Chatham Islands",15.32
"245","2021-01-16",5,"Gisborne",23.19
"246","2021-01-16",6,"Hawke's Bay",21.73
"247","2021-01-16",7,"Manawatu-Wanganui",21.25
"248","2021-01-16",8,"Marlborough",20.48
"249","2021-01-16",9,"Nelson",20.67
"250","2021-01-16",10,"Northland",23.12
"251","2021-01-16",11,"Otago",20.87
"252","2021-01-16",12,"Southland",19.73
"253","2021-01-16",13,"Taranaki",21.18
"254","2021-01-16",14,"Waikato",22.43
"255","2021-01-16",15,"Wellington",20.35
"256","2021-01-16",16,"West Coast",18.93
"257","2021-01-17",1,"Auckland",24.19
"258","2021-01-17",2,"Bay of Plenty",21.92
"259","2021-01-17",3,"Canterbury",17.56
"260","2021-01-17",4,"Chatham Islands",16.02
"261","2021-01-17",5,"Gisborne",23.95
"262","2021-01-17",6,"Hawke's Bay",23.75
"263","2021-01-17",7,"Manawatu-Wanganui",20.79
"264","2021-01-17",8,"Marlborough",15.76
"265","2021-01-17",9,"Nelson",15.77
"266","2021-01-17",10,"Northland",25.02
"267","2021-01-17",11,"Otago",17.89
"268","2021-01-17",12,"Southland",16.17
"269","2021-01-17",13,"Taranaki",19.69
"270","2021-01-17",14,"Waikato",21.86
"271","2021-01-17",15,"Wellington",20.07
"272","2021-01-17",16,"West Coast",15.02
"273","2021-01-18",1,"Auckland",20.97
"274","2021-01-18",2,"Bay of Plenty",19.55
"275","2021-01-18",3,"Canterbury",13.77
"276","2021-01-18",4,"Chatham Islands",16.9
"277","2021-01-18",5,"Gisborne",22.1
"278","2021-01-18",6,"Hawke's Bay",19.86
"279","2021-01-18",7,"Manawatu-Wanganui",16.6
"280","2021-01-18",8,"Marlborough",14.91
"281","2021-01-18",9,"Nelson",14.12
"282","2021-01-18",10,"Northland",21.77
"283","2021-01-18",11,"Otago",11.12
"284","2021-01-18",12,"Southland",9.87
"285","2021-01-18",13,"Taranaki",17.86
"286","2021-01-18",14,"Waikato",18.91
"287","2021-01-18",15,"Wellington",17.49
"288","2021-01-18",16,"West Coast",11.36
"289","2021-01-19",1,"Auckland",22.37
"290","2021-01-19",2,"Bay of Plenty",19.85
"291","2021-01-19",3,"Canterbury",15.41
"292","2021-01-19",4,"Chatham Islands",16.06
"293","2021-01-19",5,"Gisborne",22.26
"294","2021-01-19",6,"Hawke's Bay",22.16
"295","2021-01-19",7,"Manawatu-Wanganui",19.14
"296","2021-01-19",8,"Marlborough",17.43
"297","2021-01-19",9,"Nelson",15.91
"298","2021-01-19",10,"Northland",23.3
"299","2021-01-19",11,"Otago",9.11
"300","2021-01-19",12,"Southland",9.77
"301","2021-01-19",13,"Taranaki",19.95
"302","2021-01-19",14,"Waikato",20.18
"303","2021-01-19",15,"Wellington",19
"304","2021-01-19",16,"West Coast",11.75
"305","2021-01-20",1,"Auckland",18.21
"306","2021-01-20",2,"Bay of Plenty",16.81
"307","2021-01-20",3,"Canterbury",11.62
"308","2021-01-20",4,"Chatham Islands",16.18
"309","2021-01-20",5,"Gisborne",20.11
"310","2021-01-20",6,"Hawke's Bay",17.22
"311","2021-01-20",7,"Manawatu-Wanganui",13.48
"312","2021-01-20",8,"Marlborough",11.03
"313","2021-01-20",9,"Nelson",8.95
"314","2021-01-20",10,"Northland",19.96
"315","2021-01-20",11,"Otago",10.9
"316","2021-01-20",12,"Southland",9.69
"317","2021-01-20",13,"Taranaki",14.2
"318","2021-01-20",14,"Waikato",15.93
"319","2021-01-20",15,"Wellington",14.55
"320","2021-01-20",16,"West Coast",8.61
"321","2021-01-21",1,"Auckland",19.06
"322","2021-01-21",2,"Bay of Plenty",16.65
"323","2021-01-21",3,"Canterbury",12.66
"324","2021-01-21",4,"Chatham Islands",15.67
"325","2021-01-21",5,"Gisborne",19.5
"326","2021-01-21",6,"Hawke's Bay",18
"327","2021-01-21",7,"Manawatu-Wanganui",14.64
"328","2021-01-21",8,"Marlborough",12.04
"329","2021-01-21",9,"Nelson",11.32
"330","2021-01-21",10,"Northland",19.57
"331","2021-01-21",11,"Otago",9.24
"332","2021-01-21",12,"Southland",9.4
"333","2021-01-21",13,"Taranaki",15.99
"334","2021-01-21",14,"Waikato",16.89
"335","2021-01-21",15,"Wellington",15.52
"336","2021-01-21",16,"West Coast",10.98
"337","2021-01-22",1,"Auckland",19.47
"338","2021-01-22",2,"Bay of Plenty",19.13
"339","2021-01-22",3,"Canterbury",16.28
"340","2021-01-22",4,"Chatham Islands",15.18
"341","2021-01-22",5,"Gisborne",20.86
"342","2021-01-22",6,"Hawke's Bay",19.15
"343","2021-01-22",7,"Manawatu-Wanganui",16.25
"344","2021-01-22",8,"Marlborough",16.37
"345","2021-01-22",9,"Nelson",14.78
"346","2021-01-22",10,"Northland",20.33
"347","2021-01-22",11,"Otago",15.16
"348","2021-01-22",12,"Southland",14.19
"349","2021-01-22",13,"Taranaki",17.38
"350","2021-01-22",14,"Waikato",18.2
"351","2021-01-22",15,"Wellington",17.43
"352","2021-01-22",16,"West Coast",13.2
"353","2021-01-23",1,"Auckland",20.71
"354","2021-01-23",2,"Bay of Plenty",20.82
"355","2021-01-23",3,"Canterbury",17.12
"356","2021-01-23",4,"Chatham Islands",15.69
"357","2021-01-23",5,"Gisborne",23.39
"358","2021-01-23",6,"Hawke's Bay",21.53
"359","2021-01-23",7,"Manawatu-Wanganui",16.89
"360","2021-01-23",8,"Marlborough",17.46
"361","2021-01-23",9,"Nelson",15.78
"362","2021-01-23",10,"Northland",21.39
"363","2021-01-23",11,"Otago",15.06
"364","2021-01-23",12,"Southland",13.06
"365","2021-01-23",13,"Taranaki",17.75
"366","2021-01-23",14,"Waikato",19.39
"367","2021-01-23",15,"Wellington",17.94
"368","2021-01-23",16,"West Coast",13.78
"369","2021-01-24",1,"Auckland",21.28
"370","2021-01-24",2,"Bay of Plenty",21.31
"371","2021-01-24",3,"Canterbury",17.26
"372","2021-01-24",4,"Chatham Islands",16.81
"373","2021-01-24",5,"Gisborne",23.85
"374","2021-01-24",6,"Hawke's Bay",23.76
"375","2021-01-24",7,"Manawatu-Wanganui",19.47
"376","2021-01-24",8,"Marlborough",19.63
"377","2021-01-24",9,"Nelson",16.9
"378","2021-01-24",10,"Northland",22.83
"379","2021-01-24",11,"Otago",15.94
"380","2021-01-24",12,"Southland",13.83
"381","2021-01-24",13,"Taranaki",19.79
"382","2021-01-24",14,"Waikato",20.59
"383","2021-01-24",15,"Wellington",19.39
"384","2021-01-24",16,"West Coast",13.55
"385","2021-01-25",1,"Auckland",21.93
"386","2021-01-25",2,"Bay of Plenty",24.19
"387","2021-01-25",3,"Canterbury",19.67
"388","2021-01-25",4,"Chatham Islands",16.21
"389","2021-01-25",5,"Gisborne",25.01
"390","2021-01-25",6,"Hawke's Bay",24.06
"391","2021-01-25",7,"Manawatu-Wanganui",19.89
"392","2021-01-25",8,"Marlborough",21.33
"393","2021-01-25",9,"Nelson",20.02
"394","2021-01-25",10,"Northland",23.98
"395","2021-01-25",11,"Otago",17.51
"396","2021-01-25",12,"Southland",15.08
"397","2021-01-25",13,"Taranaki",20.25
"398","2021-01-25",14,"Waikato",21.58
"399","2021-01-25",15,"Wellington",19.95
"400","2021-01-25",16,"West Coast",15.83
"401","2021-01-26",1,"Auckland",22.87
"402","2021-01-26",2,"Bay of Plenty",26.17
"403","2021-01-26",3,"Canterbury",24.16
"404","2021-01-26",4,"Chatham Islands",16.54
"405","2021-01-26",5,"Gisborne",25.14
"406","2021-01-26",6,"Hawke's Bay",24.58
"407","2021-01-26",7,"Manawatu-Wanganui",21.41
"408","2021-01-26",8,"Marlborough",22.96
"409","2021-01-26",9,"Nelson",21.88
"410","2021-01-26",10,"Northland",23.98
"411","2021-01-26",11,"Otago",23.01
"412","2021-01-26",12,"Southland",21
"413","2021-01-26",13,"Taranaki",20.87
"414","2021-01-26",14,"Waikato",23
"415","2021-01-26",15,"Wellington",21.22
"416","2021-01-26",16,"West Coast",18.69
"417","2021-01-27",1,"Auckland",22.14
"418","2021-01-27",2,"Bay of Plenty",24.09
"419","2021-01-27",3,"Canterbury",23.35
"420","2021-01-27",4,"Chatham Islands",18.02
"421","2021-01-27",5,"Gisborne",27.16
"422","2021-01-27",6,"Hawke's Bay",28.09
"423","2021-01-27",7,"Manawatu-Wanganui",22.33
"424","2021-01-27",8,"Marlborough",24.05
"425","2021-01-27",9,"Nelson",22.61
"426","2021-01-27",10,"Northland",23.33
"427","2021-01-27",11,"Otago",19.97
"428","2021-01-27",12,"Southland",19.62
"429","2021-01-27",13,"Taranaki",19.7
"430","2021-01-27",14,"Waikato",22.71
"431","2021-01-27",15,"Wellington",22.6
"432","2021-01-27",16,"West Coast",18.59
"433","2021-01-28",1,"Auckland",21.8
"434","2021-01-28",2,"Bay of Plenty",23.34
"435","2021-01-28",3,"Canterbury",13.74
"436","2021-01-28",4,"Chatham Islands",18.34
"437","2021-01-28",5,"Gisborne",26.99
"438","2021-01-28",6,"Hawke's Bay",26.79
"439","2021-01-28",7,"Manawatu-Wanganui",20.46
"440","2021-01-28",8,"Marlborough",19.33
"441","2021-01-28",9,"Nelson",16.04
"442","2021-01-28",10,"Northland",22.98
"443","2021-01-28",11,"Otago",10.83
"444","2021-01-28",12,"Southland",9.68
"445","2021-01-28",13,"Taranaki",20.6
"446","2021-01-28",14,"Waikato",21.21
"447","2021-01-28",15,"Wellington",19.66
"448","2021-01-28",16,"West Coast",12.23
"449","2021-01-29",1,"Auckland",19.2
"450","2021-01-29",2,"Bay of Plenty",18.78
"451","2021-01-29",3,"Canterbury",11.67
"452","2021-01-29",4,"Chatham Islands",13.61
"453","2021-01-29",5,"Gisborne",17.46
"454","2021-01-29",6,"Hawke's Bay",15.22
"455","2021-01-29",7,"Manawatu-Wanganui",14.19
"456","2021-01-29",8,"Marlborough",13.05
"457","2021-01-29",9,"Nelson",13.45
"458","2021-01-29",10,"Northland",19.97
"459","2021-01-29",11,"Otago",9.43
"460","2021-01-29",12,"Southland",9.85
"461","2021-01-29",13,"Taranaki",16.03
"462","2021-01-29",14,"Waikato",18.69
"463","2021-01-29",15,"Wellington",13.35
"464","2021-01-29",16,"West Coast",13.8
"465","2021-01-30",1,"Auckland",19.44
"466","2021-01-30",2,"Bay of Plenty",17.15
"467","2021-01-30",3,"Canterbury",13.47
"468","2021-01-30",4,"Chatham Islands",14.52
"469","2021-01-30",5,"Gisborne",15.4
"470","2021-01-30",6,"Hawke's Bay",14.66
"471","2021-01-30",7,"Manawatu-Wanganui",15.01
"472","2021-01-30",8,"Marlborough",14.7
"473","2021-01-30",9,"Nelson",15.02
"474","2021-01-30",10,"Northland",19.97
"475","2021-01-30",11,"Otago",14.17
"476","2021-01-30",12,"Southland",15.06
"477","2021-01-30",13,"Taranaki",16.38
"478","2021-01-30",14,"Waikato",18.73
"479","2021-01-30",15,"Wellington",14.83
"480","2021-01-30",16,"West Coast",15.26
"481","2021-01-31",1,"Auckland",20.94
"482","2021-01-31",2,"Bay of Plenty",19.6
"483","2021-01-31",3,"Canterbury",17.99
"484","2021-01-31",4,"Chatham Islands",14.58
"485","2021-01-31",5,"Gisborne",17.55
"486","2021-01-31",6,"Hawke's Bay",17.12
"487","2021-01-31",7,"Manawatu-Wanganui",18.3
"488","2021-01-31",8,"Marlborough",17.63
"489","2021-01-31",9,"Nelson",17.46
"490","2021-01-31",10,"Northland",21.71
"491","2021-01-31",11,"Otago",17.42
"492","2021-01-31",12,"Southland",16.14
"493","2021-01-31",13,"Taranaki",19.47
"494","2021-01-31",14,"Waikato",20.16
"495","2021-01-31",15,"Wellington",17.06
"496","2021-01-31",16,"West Coast",15.54
"497","2021-02-01",1,"Auckland",21.72
"498","2021-02-01",2,"Bay of Plenty",21.07
"499","2021-02-01",3,"Canterbury",18.44
"500","2021-02-01",4,"Chatham Islands",14.55
"501","2021-02-01",5,"Gisborne",19.36
"502","2021-02-01",6,"Hawke's Bay",19.77
"503","2021-02-01",7,"Manawatu-Wanganui",20.56
"504","2021-02-01",8,"Marlborough",19.51
"505","2021-02-01",9,"Nelson",20.15
"506","2021-02-01",10,"Northland",22.42
"507","2021-02-01",11,"Otago",19.38
"508","2021-02-01",12,"Southland",18.83
"509","2021-02-01",13,"Taranaki",20.38
"510","2021-02-01",14,"Waikato",21.33
"511","2021-02-01",15,"Wellington",19.63
"512","2021-02-01",16,"West Coast",18.53
"513","2021-02-02",1,"Auckland",21.88
"514","2021-02-02",2,"Bay of Plenty",20.92
"515","2021-02-02",3,"Canterbury",19.31
"516","2021-02-02",4,"Chatham Islands",14.72
"517","2021-02-02",5,"Gisborne",19.12
"518","2021-02-02",6,"Hawke's Bay",19.05
"519","2021-02-02",7,"Manawatu-Wanganui",20.49
"520","2021-02-02",8,"Marlborough",18.61
"521","2021-02-02",9,"Nelson",19.34
"522","2021-02-02",10,"Northland",22.63
"523","2021-02-02",11,"Otago",20.1
"524","2021-02-02",12,"Southland",19.01
"525","2021-02-02",13,"Taranaki",21.42
"526","2021-02-02",14,"Waikato",21.64
"527","2021-02-02",15,"Wellington",18.46
"528","2021-02-02",16,"West Coast",17.87
"529","2021-02-03",1,"Auckland",22.17
"530","2021-02-03",2,"Bay of Plenty",22.3
"531","2021-02-03",3,"Canterbury",19.84
"532","2021-02-03",4,"Chatham Islands",14.46
"533","2021-02-03",5,"Gisborne",20.03
"534","2021-02-03",6,"Hawke's Bay",20.55
"535","2021-02-03",7,"Manawatu-Wanganui",21.28
"536","2021-02-03",8,"Marlborough",20.46
"537","2021-02-03",9,"Nelson",20.53
"538","2021-02-03",10,"Northland",22.99
"539","2021-02-03",11,"Otago",19.7
"540","2021-02-03",12,"Southland",17.66
"541","2021-02-03",13,"Taranaki",21.46
"542","2021-02-03",14,"Waikato",22.17
"543","2021-02-03",15,"Wellington",19.48
"544","2021-02-03",16,"West Coast",18.36
"545","2021-02-04",1,"Auckland",22.96
"546","2021-02-04",2,"Bay of Plenty",21.33
"547","2021-02-04",3,"Canterbury",12.16
"548","2021-02-04",4,"Chatham Islands",12.72
"549","2021-02-04",5,"Gisborne",19.3
"550","2021-02-04",6,"Hawke's Bay",18.19
"551","2021-02-04",7,"Manawatu-Wanganui",19.22
"552","2021-02-04",8,"Marlborough",16.49
"553","2021-02-04",9,"Nelson",18.67
"554","2021-02-04",10,"Northland",23.55
"555","2021-02-04",11,"Otago",13.67
"556","2021-02-04",12,"Southland",15.37
"557","2021-02-04",13,"Taranaki",20.69
"558","2021-02-04",14,"Waikato",22.91
"559","2021-02-04",15,"Wellington",15.3
"560","2021-02-04",16,"West Coast",17.51
"561","2021-02-05",1,"Auckland",21.16
"562","2021-02-05",2,"Bay of Plenty",20.26
"563","2021-02-05",3,"Canterbury",15.02
"564","2021-02-05",4,"Chatham Islands",14.15
"565","2021-02-05",5,"Gisborne",18.41
"566","2021-02-05",6,"Hawke's Bay",16.92
"567","2021-02-05",7,"Manawatu-Wanganui",16.54
"568","2021-02-05",8,"Marlborough",16.01
"569","2021-02-05",9,"Nelson",17.57
"570","2021-02-05",10,"Northland",22.84
"571","2021-02-05",11,"Otago",17.65
"572","2021-02-05",12,"Southland",18.72
"573","2021-02-05",13,"Taranaki",18.03
"574","2021-02-05",14,"Waikato",19.95
"575","2021-02-05",15,"Wellington",14.74
"576","2021-02-05",16,"West Coast",17.57
"577","2021-02-06",1,"Auckland",22.06
"578","2021-02-06",2,"Bay of Plenty",19.95
"579","2021-02-06",3,"Canterbury",17.27
"580","2021-02-06",4,"Chatham Islands",14.65
"581","2021-02-06",5,"Gisborne",18.28
"582","2021-02-06",6,"Hawke's Bay",16.77
"583","2021-02-06",7,"Manawatu-Wanganui",18.38
"584","2021-02-06",8,"Marlborough",15.69
"585","2021-02-06",9,"Nelson",16.5
"586","2021-02-06",10,"Northland",22.77
"587","2021-02-06",11,"Otago",19.6
"588","2021-02-06",12,"Southland",18.39
"589","2021-02-06",13,"Taranaki",19.91
"590","2021-02-06",14,"Waikato",21.13
"591","2021-02-06",15,"Wellington",16.23
"592","2021-02-06",16,"West Coast",16.8
"593","2021-02-07",1,"Auckland",22.04
"594","2021-02-07",2,"Bay of Plenty",21.56
"595","2021-02-07",3,"Canterbury",19.48
"596","2021-02-07",4,"Chatham Islands",14.57
"597","2021-02-07",5,"Gisborne",19.7
"598","2021-02-07",6,"Hawke's Bay",19.78
"599","2021-02-07",7,"Manawatu-Wanganui",21.25
"600","2021-02-07",8,"Marlborough",19.18
"601","2021-02-07",9,"Nelson",18.86
"602","2021-02-07",10,"Northland",21.18
"603","2021-02-07",11,"Otago",19.93
"604","2021-02-07",12,"Southland",19.27
"605","2021-02-07",13,"Taranaki",21.57
"606","2021-02-07",14,"Waikato",21.98
"607","2021-02-07",15,"Wellington",19.58
"608","2021-02-07",16,"West Coast",18.05
"609","2021-02-08",1,"Auckland",21.91
"610","2021-02-08",2,"Bay of Plenty",20.74
"611","2021-02-08",3,"Canterbury",20.26
"612","2021-02-08",4,"Chatham Islands",14.41
"613","2021-02-08",5,"Gisborne",22.16
"614","2021-02-08",6,"Hawke's Bay",22.74
"615","2021-02-08",7,"Manawatu-Wanganui",21.43
"616","2021-02-08",8,"Marlborough",19.89
"617","2021-02-08",9,"Nelson",18.75
"618","2021-02-08",10,"Northland",22.37
"619","2021-02-08",11,"Otago",18.65
"620","2021-02-08",12,"Southland",17.78
"621","2021-02-08",13,"Taranaki",21.11
"622","2021-02-08",14,"Waikato",21.41
"623","2021-02-08",15,"Wellington",20.47
"624","2021-02-08",16,"West Coast",16.46
"625","2021-02-09",1,"Auckland",22.25
"626","2021-02-09",2,"Bay of Plenty",19.51
"627","2021-02-09",3,"Canterbury",16.69
"628","2021-02-09",4,"Chatham Islands",15.26
"629","2021-02-09",5,"Gisborne",21.93
"630","2021-02-09",6,"Hawke's Bay",22.24
"631","2021-02-09",7,"Manawatu-Wanganui",20.58
"632","2021-02-09",8,"Marlborough",16.71
"633","2021-02-09",9,"Nelson",16.63
"634","2021-02-09",10,"Northland",22.6
"635","2021-02-09",11,"Otago",13.3
"636","2021-02-09",12,"Southland",11.09
"637","2021-02-09",13,"Taranaki",20.21
"638","2021-02-09",14,"Waikato",20.54
"639","2021-02-09",15,"Wellington",19.85
"640","2021-02-09",16,"West Coast",14.75
"641","2021-02-10",1,"Auckland",21.24
"642","2021-02-10",2,"Bay of Plenty",20
"643","2021-02-10",3,"Canterbury",13.79
"644","2021-02-10",4,"Chatham Islands",16.87
"645","2021-02-10",5,"Gisborne",22.76
"646","2021-02-10",6,"Hawke's Bay",22.26
"647","2021-02-10",7,"Manawatu-Wanganui",17.85
"648","2021-02-10",8,"Marlborough",16.19
"649","2021-02-10",9,"Nelson",14.66
"650","2021-02-10",10,"Northland",21.23
"651","2021-02-10",11,"Otago",9.66
"652","2021-02-10",12,"Southland",10.47
"653","2021-02-10",13,"Taranaki",17.84
"654","2021-02-10",14,"Waikato",20.25
"655","2021-02-10",15,"Wellington",17.73
"656","2021-02-10",16,"West Coast",12.31
"657","2021-02-11",1,"Auckland",19.4
"658","2021-02-11",2,"Bay of Plenty",20.63
"659","2021-02-11",3,"Canterbury",16.32
"660","2021-02-11",4,"Chatham Islands",16.84
"661","2021-02-11",5,"Gisborne",22.1
"662","2021-02-11",6,"Hawke's Bay",21.6
"663","2021-02-11",7,"Manawatu-Wanganui",18.72
"664","2021-02-11",8,"Marlborough",17.08
"665","2021-02-11",9,"Nelson",15.61
"666","2021-02-11",10,"Northland",19.22
"667","2021-02-11",11,"Otago",13.19
"668","2021-02-11",12,"Southland",10.12
"669","2021-02-11",13,"Taranaki",18.3
"670","2021-02-11",14,"Waikato",19.26
"671","2021-02-11",15,"Wellington",18.54
"672","2021-02-11",16,"West Coast",12.72
"673","2021-02-12",1,"Auckland",20.6
"674","2021-02-12",2,"Bay of Plenty",22.33
"675","2021-02-12",3,"Canterbury",13.27
"676","2021-02-12",4,"Chatham Islands",15.39
"677","2021-02-12",5,"Gisborne",20.42
"678","2021-02-12",6,"Hawke's Bay",20.23
"679","2021-02-12",7,"Manawatu-Wanganui",18.12
"680","2021-02-12",8,"Marlborough",14.98
"681","2021-02-12",9,"Nelson",15.67
"682","2021-02-12",10,"Northland",20.94
"683","2021-02-12",11,"Otago",14.59
"684","2021-02-12",12,"Southland",14
"685","2021-02-12",13,"Taranaki",18.18
"686","2021-02-12",14,"Waikato",20.33
"687","2021-02-12",15,"Wellington",17.51
"688","2021-02-12",16,"West Coast",14.86
"689","2021-02-13",1,"Auckland",21.46
"690","2021-02-13",2,"Bay of Plenty",21.71
"691","2021-02-13",3,"Canterbury",18.11
"692","2021-02-13",4,"Chatham Islands",14.77
"693","2021-02-13",5,"Gisborne",21.55
"694","2021-02-13",6,"Hawke's Bay",21.45
"695","2021-02-13",7,"Manawatu-Wanganui",20.4
"696","2021-02-13",8,"Marlborough",17.49
"697","2021-02-13",9,"Nelson",16.95
"698","2021-02-13",10,"Northland",21.45
"699","2021-02-13",11,"Otago",17.38
"700","2021-02-13",12,"Southland",16.08
"701","2021-02-13",13,"Taranaki",20.17
"702","2021-02-13",14,"Waikato",21.45
"703","2021-02-13",15,"Wellington",19.71
"704","2021-02-13",16,"West Coast",15.03
"705","2021-02-14",1,"Auckland",22.19
"706","2021-02-14",2,"Bay of Plenty",22.34
"707","2021-02-14",3,"Canterbury",17.9
"708","2021-02-14",4,"Chatham Islands",14.67
"709","2021-02-14",5,"Gisborne",22.91
"710","2021-02-14",6,"Hawke's Bay",23.42
"711","2021-02-14",7,"Manawatu-Wanganui",21.52
"712","2021-02-14",8,"Marlborough",18.99
"713","2021-02-14",9,"Nelson",17.95
"714","2021-02-14",10,"Northland",22.25
"715","2021-02-14",11,"Otago",17.5
"716","2021-02-14",12,"Southland",16.59
"717","2021-02-14",13,"Taranaki",21.15
"718","2021-02-14",14,"Waikato",22.34
"719","2021-02-14",15,"Wellington",20.07
"720","2021-02-14",16,"West Coast",16.34
"721","2021-02-15",1,"Auckland",20.87
"722","2021-02-15",2,"Bay of Plenty",18.26
"723","2021-02-15",3,"Canterbury",17.11
"724","2021-02-15",4,"Chatham Islands",14.56
"725","2021-02-15",5,"Gisborne",19.2
"726","2021-02-15",6,"Hawke's Bay",18.7
"727","2021-02-15",7,"Manawatu-Wanganui",18.61
"728","2021-02-15",8,"Marlborough",18.51
"729","2021-02-15",9,"Nelson",18.4
"730","2021-02-15",10,"Northland",22.36
"731","2021-02-15",11,"Otago",16.19
"732","2021-02-15",12,"Southland",15.05
"733","2021-02-15",13,"Taranaki",18.26
"734","2021-02-15",14,"Waikato",18.21
"735","2021-02-15",15,"Wellington",19.64
"736","2021-02-15",16,"West Coast",17.91
"737","2021-02-16",1,"Auckland",21.57
"738","2021-02-16",2,"Bay of Plenty",17.9
"739","2021-02-16",3,"Canterbury",10.77
"740","2021-02-16",4,"Chatham Islands",15.81
"741","2021-02-16",5,"Gisborne",18.39
"742","2021-02-16",6,"Hawke's Bay",15.78
"743","2021-02-16",7,"Manawatu-Wanganui",16.4
"744","2021-02-16",8,"Marlborough",14.42
"745","2021-02-16",9,"Nelson",17.76
"746","2021-02-16",10,"Northland",21.88
"747","2021-02-16",11,"Otago",10.73
"748","2021-02-16",12,"Southland",12.34
"749","2021-02-16",13,"Taranaki",18.01
"750","2021-02-16",14,"Waikato",19.96
"751","2021-02-16",15,"Wellington",15.26
"752","2021-02-16",16,"West Coast",16.02
"753","2021-02-17",1,"Auckland",20.71
"754","2021-02-17",2,"Bay of Plenty",17.86
"755","2021-02-17",3,"Canterbury",14.56
"756","2021-02-17",4,"Chatham Islands",13.13
"757","2021-02-17",5,"Gisborne",16.99
"758","2021-02-17",6,"Hawke's Bay",14.87
"759","2021-02-17",7,"Manawatu-Wanganui",15.82
"760","2021-02-17",8,"Marlborough",14.73
"761","2021-02-17",9,"Nelson",16.48
"762","2021-02-17",10,"Northland",21.6
"763","2021-02-17",11,"Otago",14.57
"764","2021-02-17",12,"Southland",14.83
"765","2021-02-17",13,"Taranaki",17.52
"766","2021-02-17",14,"Waikato",19.76
"767","2021-02-17",15,"Wellington",14.31
"768","2021-02-17",16,"West Coast",16.88
"769","2021-02-18",1,"Auckland",19.85
"770","2021-02-18",2,"Bay of Plenty",18.92
"771","2021-02-18",3,"Canterbury",18.15
"772","2021-02-18",4,"Chatham Islands",14.4
"773","2021-02-18",5,"Gisborne",17.08
"774","2021-02-18",6,"Hawke's Bay",16.8
"775","2021-02-18",7,"Manawatu-Wanganui",17.94
"776","2021-02-18",8,"Marlborough",17.36
"777","2021-02-18",9,"Nelson",17.71
"778","2021-02-18",10,"Northland",20.18
"779","2021-02-18",11,"Otago",17.88
"780","2021-02-18",12,"Southland",16.9
"781","2021-02-18",13,"Taranaki",18.5
"782","2021-02-18",14,"Waikato",19.47
"783","2021-02-18",15,"Wellington",16.05
"784","2021-02-18",16,"West Coast",17.47
"785","2021-02-19",1,"Auckland",21.14
"786","2021-02-19",2,"Bay of Plenty",21.3
"787","2021-02-19",3,"Canterbury",20.83
"788","2021-02-19",4,"Chatham Islands",15.5
"789","2021-02-19",5,"Gisborne",19.6
"790","2021-02-19",6,"Hawke's Bay",20.16
"791","2021-02-19",7,"Manawatu-Wanganui",19.97
"792","2021-02-19",8,"Marlborough",20.63
"793","2021-02-19",9,"Nelson",20.2
"794","2021-02-19",10,"Northland",21.09
"795","2021-02-19",11,"Otago",19.49
"796","2021-02-19",12,"Southland",17.65
"797","2021-02-19",13,"Taranaki",20.42
"798","2021-02-19",14,"Waikato",21.33
"799","2021-02-19",15,"Wellington",19.53
"800","2021-02-19",16,"West Coast",17.59
"801","2021-02-20",1,"Auckland",21.2
"802","2021-02-20",2,"Bay of Plenty",24.28
"803","2021-02-20",3,"Canterbury",21.08
"804","2021-02-20",4,"Chatham Islands",15.15
"805","2021-02-20",5,"Gisborne",23.95
"806","2021-02-20",6,"Hawke's Bay",23.37
"807","2021-02-20",7,"Manawatu-Wanganui",21.42
"808","2021-02-20",8,"Marlborough",21.19
"809","2021-02-20",9,"Nelson",21.13
"810","2021-02-20",10,"Northland",21.23
"811","2021-02-20",11,"Otago",19.74
"812","2021-02-20",12,"Southland",17.52
"813","2021-02-20",13,"Taranaki",19.65
"814","2021-02-20",14,"Waikato",22.45
"815","2021-02-20",15,"Wellington",20.04
"816","2021-02-20",16,"West Coast",18.19
"817","2021-02-21",1,"Auckland",22.38
"818","2021-02-21",2,"Bay of Plenty",23.32
"819","2021-02-21",3,"Canterbury",21.39
"820","2021-02-21",4,"Chatham Islands",15.81
"821","2021-02-21",5,"Gisborne",24.76
"822","2021-02-21",6,"Hawke's Bay",25.02
"823","2021-02-21",7,"Manawatu-Wanganui",22.47
"824","2021-02-21",8,"Marlborough",22
"825","2021-02-21",9,"Nelson",21.09
"826","2021-02-21",10,"Northland",22.05
"827","2021-02-21",11,"Otago",20.04
"828","2021-02-21",12,"Southland",18.57
"829","2021-02-21",13,"Taranaki",20.83
"830","2021-02-21",14,"Waikato",23.09
"831","2021-02-21",15,"Wellington",20.18
"832","2021-02-21",16,"West Coast",18.14
"833","2021-02-22",1,"Auckland",22.07
"834","2021-02-22",2,"Bay of Plenty",23.12
"835","2021-02-22",3,"Canterbury",20.56
"836","2021-02-22",4,"Chatham Islands",16.57
"837","2021-02-22",5,"Gisborne",24
"838","2021-02-22",6,"Hawke's Bay",24.78
"839","2021-02-22",7,"Manawatu-Wanganui",23.13
"840","2021-02-22",8,"Marlborough",20.71
"841","2021-02-22",9,"Nelson",19.73
"842","2021-02-22",10,"Northland",22.52
"843","2021-02-22",11,"Otago",20.43
"844","2021-02-22",12,"Southland",19.25
"845","2021-02-22",13,"Taranaki",21.5
"846","2021-02-22",14,"Waikato",22.67
"847","2021-02-22",15,"Wellington",21.32
"848","2021-02-22",16,"West Coast",17.9
"849","2021-02-23",1,"Auckland",22.74
"850","2021-02-23",2,"Bay of Plenty",20.86
"851","2021-02-23",3,"Canterbury",20.48
"852","2021-02-23",4,"Chatham Islands",16.86
"853","2021-02-23",5,"Gisborne",22.31
"854","2021-02-23",6,"Hawke's Bay",23.62
"855","2021-02-23",7,"Manawatu-Wanganui",22.15
"856","2021-02-23",8,"Marlborough",19.36
"857","2021-02-23",9,"Nelson",18.96
"858","2021-02-23",10,"Northland",22.99
"859","2021-02-23",11,"Otago",18.47
"860","2021-02-23",12,"Southland",19.59
"861","2021-02-23",13,"Taranaki",22.63
"862","2021-02-23",14,"Waikato",22.35
"863","2021-02-23",15,"Wellington",20.66
"864","2021-02-23",16,"West Coast",18.24
"865","2021-02-24",1,"Auckland",23.21
"866","2021-02-24",2,"Bay of Plenty",20.09
"867","2021-02-24",3,"Canterbury",21.93
"868","2021-02-24",4,"Chatham Islands",16.14
"869","2021-02-24",5,"Gisborne",21.8
"870","2021-02-24",6,"Hawke's Bay",22.56
"871","2021-02-24",7,"Manawatu-Wanganui",22.18
"872","2021-02-24",8,"Marlborough",17.72
"873","2021-02-24",9,"Nelson",16.57
"874","2021-02-24",10,"Northland",23.18
"875","2021-02-24",11,"Otago",20.79
"876","2021-02-24",12,"Southland",15.54
"877","2021-02-24",13,"Taranaki",21.73
"878","2021-02-24",14,"Waikato",22.22
"879","2021-02-24",15,"Wellington",20.86
"880","2021-02-24",16,"West Coast",17.12
"881","2021-02-25",1,"Auckland",22.5
"882","2021-02-25",2,"Bay of Plenty",21.48
"883","2021-02-25",3,"Canterbury",14.05
"884","2021-02-25",4,"Chatham Islands",16.47
"885","2021-02-25",5,"Gisborne",22.03
"886","2021-02-25",6,"Hawke's Bay",22.12
"887","2021-02-25",7,"Manawatu-Wanganui",21.42
"888","2021-02-25",8,"Marlborough",16.6
"889","2021-02-25",9,"Nelson",16.83
"890","2021-02-25",10,"Northland",22.69
"891","2021-02-25",11,"Otago",14
"892","2021-02-25",12,"Southland",12.97
"893","2021-02-25",13,"Taranaki",21.54
"894","2021-02-25",14,"Waikato",21.78
"895","2021-02-25",15,"Wellington",19.83
"896","2021-02-25",16,"West Coast",16.5
"897","2021-02-26",1,"Auckland",22.14
"898","2021-02-26",2,"Bay of Plenty",21.22
"899","2021-02-26",3,"Canterbury",16.75
"900","2021-02-26",4,"Chatham Islands",16.29
"901","2021-02-26",5,"Gisborne",20.75
"902","2021-02-26",6,"Hawke's Bay",20.26
"903","2021-02-26",7,"Manawatu-Wanganui",22.07
"904","2021-02-26",8,"Marlborough",17.89
"905","2021-02-26",9,"Nelson",17.21
"906","2021-02-26",10,"Northland",22.63
"907","2021-02-26",11,"Otago",16.94
"908","2021-02-26",12,"Southland",16.4
"909","2021-02-26",13,"Taranaki",22.4
"910","2021-02-26",14,"Waikato",22.34
"911","2021-02-26",15,"Wellington",19.74
"912","2021-02-26",16,"West Coast",16.41
"913","2021-02-27",1,"Auckland",22.44
"914","2021-02-27",2,"Bay of Plenty",21.57
"915","2021-02-27",3,"Canterbury",18.17
"916","2021-02-27",4,"Chatham Islands",16.06
"917","2021-02-27",5,"Gisborne",21.04
"918","2021-02-27",6,"Hawke's Bay",21.03
"919","2021-02-27",7,"Manawatu-Wanganui",20.88
"920","2021-02-27",8,"Marlborough",18.52
"921","2021-02-27",9,"Nelson",17.95
"922","2021-02-27",10,"Northland",22.66
"923","2021-02-27",11,"Otago",19.27
"924","2021-02-27",12,"Southland",18.9
"925","2021-02-27",13,"Taranaki",21.19
"926","2021-02-27",14,"Waikato",22.05
"927","2021-02-27",15,"Wellington",20.61
"928","2021-02-27",16,"West Coast",17.57
"929","2021-02-28",1,"Auckland",22.2
"930","2021-02-28",2,"Bay of Plenty",21.53
"931","2021-02-28",3,"Canterbury",18.62
"932","2021-02-28",4,"Chatham Islands",16.33
"933","2021-02-28",5,"Gisborne",20.84
"934","2021-02-28",6,"Hawke's Bay",20.99
"935","2021-02-28",7,"Manawatu-Wanganui",21.46
"936","2021-02-28",8,"Marlborough",18.46
"937","2021-02-28",9,"Nelson",17.65
"938","2021-02-28",10,"Northland",22.59
"939","2021-02-28",11,"Otago",18.54
"940","2021-02-28",12,"Southland",18.53
"941","2021-02-28",13,"Taranaki",21.8
"942","2021-02-28",14,"Waikato",22.04
"943","2021-02-28",15,"Wellington",20.41
"944","2021-02-28",16,"West Coast",18.33
"945","2021-03-01",1,"Auckland",21.89
"946","2021-03-01",2,"Bay of Plenty",20.42
"947","2021-03-01",3,"Canterbury",16.72
"948","2021-03-01",4,"Chatham Islands",16.29
"949","2021-03-01",5,"Gisborne",20.17
"950","2021-03-01",6,"Hawke's Bay",20.23
"951","2021-03-01",7,"Manawatu-Wanganui",20.45
"952","2021-03-01",8,"Marlborough",16.54
"953","2021-03-01",9,"Nelson",14.84
"954","2021-03-01",10,"Northland",22.67
"955","2021-03-01",11,"Otago",19
"956","2021-03-01",12,"Southland",19.28
"957","2021-03-01",13,"Taranaki",21.3
"958","2021-03-01",14,"Waikato",21.26
"959","2021-03-01",15,"Wellington",19.59
"960","2021-03-01",16,"West Coast",14.84
"961","2021-03-02",1,"Auckland",22.32
"962","2021-03-02",2,"Bay of Plenty",19.93
"963","2021-03-02",3,"Canterbury",19.91
"964","2021-03-02",4,"Chatham Islands",16.59
"965","2021-03-02",5,"Gisborne",20.7
"966","2021-03-02",6,"Hawke's Bay",21.81
"967","2021-03-02",7,"Manawatu-Wanganui",21.4
"968","2021-03-02",8,"Marlborough",17.42
"969","2021-03-02",9,"Nelson",16.68
"970","2021-03-02",10,"Northland",23.62
"971","2021-03-02",11,"Otago",19.72
"972","2021-03-02",12,"Southland",18.4
"973","2021-03-02",13,"Taranaki",21.17
"974","2021-03-02",14,"Waikato",20.48
"975","2021-03-02",15,"Wellington",20.51
"976","2021-03-02",16,"West Coast",16.06
"977","2021-03-03",1,"Auckland",22.47
"978","2021-03-03",2,"Bay of Plenty",20.68
"979","2021-03-03",3,"Canterbury",19.23
"980","2021-03-03",4,"Chatham Islands",17.06
"981","2021-03-03",5,"Gisborne",23.65
"982","2021-03-03",6,"Hawke's Bay",24.09
"983","2021-03-03",7,"Manawatu-Wanganui",21.65
"984","2021-03-03",8,"Marlborough",18.28
"985","2021-03-03",9,"Nelson",17.16
"986","2021-03-03",10,"Northland",22.7
"987","2021-03-03",11,"Otago",19.13
"988","2021-03-03",12,"Southland",17.21
"989","2021-03-03",13,"Taranaki",21.35
"990","2021-03-03",14,"Waikato",21.18
"991","2021-03-03",15,"Wellington",20.4
"992","2021-03-03",16,"West Coast",15.45
"993","2021-03-04",1,"Auckland",20.86
"994","2021-03-04",2,"Bay of Plenty",17.8
"995","2021-03-04",3,"Canterbury",14.86
"996","2021-03-04",4,"Chatham Islands",16.88
"997","2021-03-04",5,"Gisborne",20.15
"998","2021-03-04",6,"Hawke's Bay",20.75
"999","2021-03-04",7,"Manawatu-Wanganui",18.22
"1000","2021-03-04",8,"Marlborough",15.76
"1001","2021-03-04",9,"Nelson",14.81
"1002","2021-03-04",10,"Northland",21.29
"1003","2021-03-04",11,"Otago",13.63
"1004","2021-03-04",12,"Southland",12.4
"1005","2021-03-04",13,"Taranaki",19.19
"1006","2021-03-04",14,"Waikato",19.16
"1007","2021-03-04",15,"Wellington",18.7
"1008","2021-03-04",16,"West Coast",12.66
"1009","2021-03-05",1,"Auckland",21.2
"1010","2021-03-05",2,"Bay of Plenty",19.61
"1011","2021-03-05",3,"Canterbury",14.22
"1012","2021-03-05",4,"Chatham Islands",17.61
"1013","2021-03-05",5,"Gisborne",22.76
"1014","2021-03-05",6,"Hawke's Bay",22.16
"1015","2021-03-05",7,"Manawatu-Wanganui",19.21
"1016","2021-03-05",8,"Marlborough",15.03
"1017","2021-03-05",9,"Nelson",14.03
"1018","2021-03-05",10,"Northland",21.66
"1019","2021-03-05",11,"Otago",13.03
"1020","2021-03-05",12,"Southland",13.51
"1021","2021-03-05",13,"Taranaki",19.3
"1022","2021-03-05",14,"Waikato",20.17
"1023","2021-03-05",15,"Wellington",18.2
"1024","2021-03-05",16,"West Coast",11.94
"1025","2021-03-06",1,"Auckland",21.7
"1026","2021-03-06",2,"Bay of Plenty",21.38
"1027","2021-03-06",3,"Canterbury",15.24
"1028","2021-03-06",4,"Chatham Islands",17.89
"1029","2021-03-06",5,"Gisborne",23.54
"1030","2021-03-06",6,"Hawke's Bay",23.71
"1031","2021-03-06",7,"Manawatu-Wanganui",19.51
"1032","2021-03-06",8,"Marlborough",16.77
"1033","2021-03-06",9,"Nelson",15.08
"1034","2021-03-06",10,"Northland",21.75
"1035","2021-03-06",11,"Otago",13.53
"1036","2021-03-06",12,"Southland",12.99
"1037","2021-03-06",13,"Taranaki",19.42
"1038","2021-03-06",14,"Waikato",20.65
"1039","2021-03-06",15,"Wellington",19.86
"1040","2021-03-06",16,"West Coast",12.08
"1041","2021-03-07",1,"Auckland",20.42
"1042","2021-03-07",2,"Bay of Plenty",17.75
"1043","2021-03-07",3,"Canterbury",14.9
"1044","2021-03-07",4,"Chatham Islands",17.22
"1045","2021-03-07",5,"Gisborne",20.12
"1046","2021-03-07",6,"Hawke's Bay",19.37
"1047","2021-03-07",7,"Manawatu-Wanganui",16.41
"1048","2021-03-07",8,"Marlborough",15.03
"1049","2021-03-07",9,"Nelson",13.96
"1050","2021-03-07",10,"Northland",20.87
"1051","2021-03-07",11,"Otago",12.32
"1052","2021-03-07",12,"Southland",11.18
"1053","2021-03-07",13,"Taranaki",16.99
"1054","2021-03-07",14,"Waikato",18.09
"1055","2021-03-07",15,"Wellington",16.9
"1056","2021-03-07",16,"West Coast",12.98
"1057","2021-03-08",1,"Auckland",19.86
"1058","2021-03-08",2,"Bay of Plenty",18.54
"1059","2021-03-08",3,"Canterbury",12.97
"1060","2021-03-08",4,"Chatham Islands",12.75
"1061","2021-03-08",5,"Gisborne",19.87
"1062","2021-03-08",6,"Hawke's Bay",17.38
"1063","2021-03-08",7,"Manawatu-Wanganui",15.42
"1064","2021-03-08",8,"Marlborough",14.11
"1065","2021-03-08",9,"Nelson",13.92
"1066","2021-03-08",10,"Northland",20.15
"1067","2021-03-08",11,"Otago",11.22
"1068","2021-03-08",12,"Southland",11.17
"1069","2021-03-08",13,"Taranaki",17.3
"1070","2021-03-08",14,"Waikato",17.95
"1071","2021-03-08",15,"Wellington",14.96
"1072","2021-03-08",16,"West Coast",12.73
"1073","2021-03-09",1,"Auckland",19.75
"1074","2021-03-09",2,"Bay of Plenty",18.85
"1075","2021-03-09",3,"Canterbury",16.97
"1076","2021-03-09",4,"Chatham Islands",14.69
"1077","2021-03-09",5,"Gisborne",18.48
"1078","2021-03-09",6,"Hawke's Bay",18.77
"1079","2021-03-09",7,"Manawatu-Wanganui",17.16
"1080","2021-03-09",8,"Marlborough",17.11
"1081","2021-03-09",9,"Nelson",16.37
"1082","2021-03-09",10,"Northland",19.59
"1083","2021-03-09",11,"Otago",16.36
"1084","2021-03-09",12,"Southland",15.27
"1085","2021-03-09",13,"Taranaki",18.55
"1086","2021-03-09",14,"Waikato",18.34
"1087","2021-03-09",15,"Wellington",18.1
"1088","2021-03-09",16,"West Coast",14.26
"1089","2021-03-10",1,"Auckland",21.1
"1090","2021-03-10",2,"Bay of Plenty",18.45
"1091","2021-03-10",3,"Canterbury",16.14
"1092","2021-03-10",4,"Chatham Islands",16.24
"1093","2021-03-10",5,"Gisborne",20.16
"1094","2021-03-10",6,"Hawke's Bay",19.86
"1095","2021-03-10",7,"Manawatu-Wanganui",18.04
"1096","2021-03-10",8,"Marlborough",16.07
"1097","2021-03-10",9,"Nelson",15.34
"1098","2021-03-10",10,"Northland",21.4
"1099","2021-03-10",11,"Otago",13.89
"1100","2021-03-10",12,"Southland",13.35
"1101","2021-03-10",13,"Taranaki",18.62
"1102","2021-03-10",14,"Waikato",19.15
"1103","2021-03-10",15,"Wellington",18.27
"1104","2021-03-10",16,"West Coast",15.76
"1105","2021-03-11",1,"Auckland",20.77
"1106","2021-03-11",2,"Bay of Plenty",17.83
"1107","2021-03-11",3,"Canterbury",12.43
"1108","2021-03-11",4,"Chatham Islands",16.05
"1109","2021-03-11",5,"Gisborne",18.12
"1110","2021-03-11",6,"Hawke's Bay",15.43
"1111","2021-03-11",7,"Manawatu-Wanganui",15.97
"1112","2021-03-11",8,"Marlborough",14.53
"1113","2021-03-11",9,"Nelson",15.69
"1114","2021-03-11",10,"Northland",20.84
"1115","2021-03-11",11,"Otago",12.31
"1116","2021-03-11",12,"Southland",12.74
"1117","2021-03-11",13,"Taranaki",18.52
"1118","2021-03-11",14,"Waikato",19.71
"1119","2021-03-11",15,"Wellington",15.62
"1120","2021-03-11",16,"West Coast",15.99
"1121","2021-03-12",1,"Auckland",20.92
"1122","2021-03-12",2,"Bay of Plenty",18.23
"1123","2021-03-12",3,"Canterbury",15.01
"1124","2021-03-12",4,"Chatham Islands",14.83
"1125","2021-03-12",5,"Gisborne",17.49
"1126","2021-03-12",6,"Hawke's Bay",14.82
"1127","2021-03-12",7,"Manawatu-Wanganui",15.54
"1128","2021-03-12",8,"Marlborough",15.01
"1129","2021-03-12",9,"Nelson",16.22
"1130","2021-03-12",10,"Northland",21.48
"1131","2021-03-12",11,"Otago",15.35
"1132","2021-03-12",12,"Southland",15.4
"1133","2021-03-12",13,"Taranaki",17.14
"1134","2021-03-12",14,"Waikato",19.48
"1135","2021-03-12",15,"Wellington",14.97
"1136","2021-03-12",16,"West Coast",16.66
"1137","2021-03-13",1,"Auckland",20.24
"1138","2021-03-13",2,"Bay of Plenty",17.47
"1139","2021-03-13",3,"Canterbury",17.44
"1140","2021-03-13",4,"Chatham Islands",15.19
"1141","2021-03-13",5,"Gisborne",16.25
"1142","2021-03-13",6,"Hawke's Bay",14.84
"1143","2021-03-13",7,"Manawatu-Wanganui",16.55
"1144","2021-03-13",8,"Marlborough",15.64
"1145","2021-03-13",9,"Nelson",15.75
"1146","2021-03-13",10,"Northland",20.55
"1147","2021-03-13",11,"Otago",18.09
"1148","2021-03-13",12,"Southland",16.47
"1149","2021-03-13",13,"Taranaki",18.06
"1150","2021-03-13",14,"Waikato",18.83
"1151","2021-03-13",15,"Wellington",15.56
"1152","2021-03-13",16,"West Coast",16.72
"1153","2021-03-14",1,"Auckland",20.67
"1154","2021-03-14",2,"Bay of Plenty",20.01
"1155","2021-03-14",3,"Canterbury",19.77
"1156","2021-03-14",4,"Chatham Islands",16.26
"1157","2021-03-14",5,"Gisborne",18.71
"1158","2021-03-14",6,"Hawke's Bay",18.7
"1159","2021-03-14",7,"Manawatu-Wanganui",18.99
"1160","2021-03-14",8,"Marlborough",19
"1161","2021-03-14",9,"Nelson",17.24
"1162","2021-03-14",10,"Northland",20.97
"1163","2021-03-14",11,"Otago",18.34
"1164","2021-03-14",12,"Southland",18.19
"1165","2021-03-14",13,"Taranaki",19.23
"1166","2021-03-14",14,"Waikato",19.79
"1167","2021-03-14",15,"Wellington",18.82
"1168","2021-03-14",16,"West Coast",16.35
"1169","2021-03-15",1,"Auckland",22.24
"1170","2021-03-15",2,"Bay of Plenty",20.14
"1171","2021-03-15",3,"Canterbury",16.7
"1172","2021-03-15",4,"Chatham Islands",16.86
"1173","2021-03-15",5,"Gisborne",20.69
"1174","2021-03-15",6,"Hawke's Bay",21.16
"1175","2021-03-15",7,"Manawatu-Wanganui",20.17
"1176","2021-03-15",8,"Marlborough",17.27
"1177","2021-03-15",9,"Nelson",16.32
"1178","2021-03-15",10,"Northland",22.23
"1179","2021-03-15",11,"Otago",15.24
"1180","2021-03-15",12,"Southland",13.34
"1181","2021-03-15",13,"Taranaki",21.01
"1182","2021-03-15",14,"Waikato",21.09
"1183","2021-03-15",15,"Wellington",19.39
"1184","2021-03-15",16,"West Coast",13.91
"1185","2021-03-16",1,"Auckland",20.77
"1186","2021-03-16",2,"Bay of Plenty",19.54
"1187","2021-03-16",3,"Canterbury",14.17
"1188","2021-03-16",4,"Chatham Islands",17.12
"1189","2021-03-16",5,"Gisborne",21.8
"1190","2021-03-16",6,"Hawke's Bay",21.81
"1191","2021-03-16",7,"Manawatu-Wanganui",18.43
"1192","2021-03-16",8,"Marlborough",16.34
"1193","2021-03-16",9,"Nelson",14.95
"1194","2021-03-16",10,"Northland",20.5
"1195","2021-03-16",11,"Otago",11.56
"1196","2021-03-16",12,"Southland",10.83
"1197","2021-03-16",13,"Taranaki",18.69
"1198","2021-03-16",14,"Waikato",19.41
"1199","2021-03-16",15,"Wellington",17.33
"1200","2021-03-16",16,"West Coast",12.79
"1201","2021-03-17",1,"Auckland",20.26
"1202","2021-03-17",2,"Bay of Plenty",19.01
"1203","2021-03-17",3,"Canterbury",16.2
"1204","2021-03-17",4,"Chatham Islands",14.82
"1205","2021-03-17",5,"Gisborne",17.77
"1206","2021-03-17",6,"Hawke's Bay",17
"1207","2021-03-17",7,"Manawatu-Wanganui",17.39
"1208","2021-03-17",8,"Marlborough",16.2
"1209","2021-03-17",9,"Nelson",14.82
"1210","2021-03-17",10,"Northland",19.6
"1211","2021-03-17",11,"Otago",13.2
"1212","2021-03-17",12,"Southland",12.46
"1213","2021-03-17",13,"Taranaki",18.29
"1214","2021-03-17",14,"Waikato",18.9
"1215","2021-03-17",15,"Wellington",16.86
"1216","2021-03-17",16,"West Coast",14.49
"1217","2021-03-18",1,"Auckland",19.8
"1218","2021-03-18",2,"Bay of Plenty",16.79
"1219","2021-03-18",3,"Canterbury",13.35
"1220","2021-03-18",4,"Chatham Islands",13.05
"1221","2021-03-18",5,"Gisborne",15.29
"1222","2021-03-18",6,"Hawke's Bay",14.35
"1223","2021-03-18",7,"Manawatu-Wanganui",15.47
"1224","2021-03-18",8,"Marlborough",12.82
"1225","2021-03-18",9,"Nelson",13.95
"1226","2021-03-18",10,"Northland",20.76
"1227","2021-03-18",11,"Otago",13.56
"1228","2021-03-18",12,"Southland",13.88
"1229","2021-03-18",13,"Taranaki",17.17
"1230","2021-03-18",14,"Waikato",18.39
"1231","2021-03-18",15,"Wellington",14.75
"1232","2021-03-18",16,"West Coast",15.11
"1233","2021-03-19",1,"Auckland",19.14
"1234","2021-03-19",2,"Bay of Plenty",16.05
"1235","2021-03-19",3,"Canterbury",15.05
"1236","2021-03-19",4,"Chatham Islands",14.3
"1237","2021-03-19",5,"Gisborne",15.75
"1238","2021-03-19",6,"Hawke's Bay",14.75
"1239","2021-03-19",7,"Manawatu-Wanganui",16.23
"1240","2021-03-19",8,"Marlborough",15.13
"1241","2021-03-19",9,"Nelson",15.88
"1242","2021-03-19",10,"Northland",19.44
"1243","2021-03-19",11,"Otago",13.54
"1244","2021-03-19",12,"Southland",13.33
"1245","2021-03-19",13,"Taranaki",17
"1246","2021-03-19",14,"Waikato",17.56
"1247","2021-03-19",15,"Wellington",16.01
"1248","2021-03-19",16,"West Coast",16.27
"1249","2021-03-20",1,"Auckland",18.92
"1250","2021-03-20",2,"Bay of Plenty",16.08
"1251","2021-03-20",3,"Canterbury",13.75
"1252","2021-03-20",4,"Chatham Islands",14.81
"1253","2021-03-20",5,"Gisborne",15.31
"1254","2021-03-20",6,"Hawke's Bay",14.41
"1255","2021-03-20",7,"Manawatu-Wanganui",15.18
"1256","2021-03-20",8,"Marlborough",14.7
"1257","2021-03-20",9,"Nelson",15.31
"1258","2021-03-20",10,"Northland",19.72
"1259","2021-03-20",11,"Otago",13.73
"1260","2021-03-20",12,"Southland",13.38
"1261","2021-03-20",13,"Taranaki",16.81
"1262","2021-03-20",14,"Waikato",17.59
"1263","2021-03-20",15,"Wellington",14.7
"1264","2021-03-20",16,"West Coast",15.61
"1265","2021-03-21",1,"Auckland",19.25
"1266","2021-03-21",2,"Bay of Plenty",17.35
"1267","2021-03-21",3,"Canterbury",15.76
"1268","2021-03-21",4,"Chatham Islands",14.35
"1269","2021-03-21",5,"Gisborne",16.99
"1270","2021-03-21",6,"Hawke's Bay",14.85
"1271","2021-03-21",7,"Manawatu-Wanganui",15.44
"1272","2021-03-21",8,"Marlborough",15.47
"1273","2021-03-21",9,"Nelson",14.92
"1274","2021-03-21",10,"Northland",20.1
"1275","2021-03-21",11,"Otago",14.75
"1276","2021-03-21",12,"Southland",13.83
"1277","2021-03-21",13,"Taranaki",17.06
"1278","2021-03-21",14,"Waikato",18.42
"1279","2021-03-21",15,"Wellington",15.41
"1280","2021-03-21",16,"West Coast",15.84
"1281","2021-03-22",1,"Auckland",19.76
"1282","2021-03-22",2,"Bay of Plenty",17
"1283","2021-03-22",3,"Canterbury",15.69
"1284","2021-03-22",4,"Chatham Islands",14.78
"1285","2021-03-22",5,"Gisborne",15.49
"1286","2021-03-22",6,"Hawke's Bay",14.29
"1287","2021-03-22",7,"Manawatu-Wanganui",15.4
"1288","2021-03-22",8,"Marlborough",14.9
"1289","2021-03-22",9,"Nelson",15.82
"1290","2021-03-22",10,"Northland",20.36
"1291","2021-03-22",11,"Otago",16.32
"1292","2021-03-22",12,"Southland",15.58
"1293","2021-03-22",13,"Taranaki",16.55
"1294","2021-03-22",14,"Waikato",18.14
"1295","2021-03-22",15,"Wellington",15.21
"1296","2021-03-22",16,"West Coast",16.75
"1297","2021-03-23",1,"Auckland",20.34
"1298","2021-03-23",2,"Bay of Plenty",18.4
"1299","2021-03-23",3,"Canterbury",18.42
"1300","2021-03-23",4,"Chatham Islands",14.73
"1301","2021-03-23",5,"Gisborne",17.1
"1302","2021-03-23",6,"Hawke's Bay",16.78
"1303","2021-03-23",7,"Manawatu-Wanganui",17.14
"1304","2021-03-23",8,"Marlborough",17.38
"1305","2021-03-23",9,"Nelson",17.04
"1306","2021-03-23",10,"Northland",20.4
"1307","2021-03-23",11,"Otago",16.39
"1308","2021-03-23",12,"Southland",14.23
"1309","2021-03-23",13,"Taranaki",18.01
"1310","2021-03-23",14,"Waikato",19.05
"1311","2021-03-23",15,"Wellington",16.56
"1312","2021-03-23",16,"West Coast",16.5
"1313","2021-03-24",1,"Auckland",20.2
"1314","2021-03-24",2,"Bay of Plenty",18.95
"1315","2021-03-24",3,"Canterbury",13.42
"1316","2021-03-24",4,"Chatham Islands",14.98
"1317","2021-03-24",5,"Gisborne",17.28
"1318","2021-03-24",6,"Hawke's Bay",17.21
"1319","2021-03-24",7,"Manawatu-Wanganui",18.3
"1320","2021-03-24",8,"Marlborough",15.47
"1321","2021-03-24",9,"Nelson",16.87
"1322","2021-03-24",10,"Northland",20.17
"1323","2021-03-24",11,"Otago",12.53
"1324","2021-03-24",12,"Southland",12.41
"1325","2021-03-24",13,"Taranaki",18.21
"1326","2021-03-24",14,"Waikato",19.68
"1327","2021-03-24",15,"Wellington",17.13
"1328","2021-03-24",16,"West Coast",16
"1329","2021-03-25",1,"Auckland",20.71
"1330","2021-03-25",2,"Bay of Plenty",18.63
"1331","2021-03-25",3,"Canterbury",15.41
"1332","2021-03-25",4,"Chatham Islands",12.36
"1333","2021-03-25",5,"Gisborne",16.98
"1334","2021-03-25",6,"Hawke's Bay",15.38
"1335","2021-03-25",7,"Manawatu-Wanganui",17.38
"1336","2021-03-25",8,"Marlborough",14.41
"1337","2021-03-25",9,"Nelson",15.32
"1338","2021-03-25",10,"Northland",21.29
"1339","2021-03-25",11,"Otago",14.92
"1340","2021-03-25",12,"Southland",15.21
"1341","2021-03-25",13,"Taranaki",19.25
"1342","2021-03-25",14,"Waikato",19.89
"1343","2021-03-25",15,"Wellington",16.02
"1344","2021-03-25",16,"West Coast",16.16
"1345","2021-03-26",1,"Auckland",20.47
"1346","2021-03-26",2,"Bay of Plenty",19.82
"1347","2021-03-26",3,"Canterbury",17.76
"1348","2021-03-26",4,"Chatham Islands",13.85
"1349","2021-03-26",5,"Gisborne",18.46
"1350","2021-03-26",6,"Hawke's Bay",19.02
"1351","2021-03-26",7,"Manawatu-Wanganui",19.73
"1352","2021-03-26",8,"Marlborough",17.29
"1353","2021-03-26",9,"Nelson",16.85
"1354","2021-03-26",10,"Northland",21.22
"1355","2021-03-26",11,"Otago",17.3
"1356","2021-03-26",12,"Southland",17.08
"1357","2021-03-26",13,"Taranaki",20.83
"1358","2021-03-26",14,"Waikato",20.4
"1359","2021-03-26",15,"Wellington",19.35
"1360","2021-03-26",16,"West Coast",15.6
"1361","2021-03-27",1,"Auckland",20.95
"1362","2021-03-27",2,"Bay of Plenty",18.78
"1363","2021-03-27",3,"Canterbury",18.11
"1364","2021-03-27",4,"Chatham Islands",15.07
"1365","2021-03-27",5,"Gisborne",19.11
"1366","2021-03-27",6,"Hawke's Bay",20.15
"1367","2021-03-27",7,"Manawatu-Wanganui",20.17
"1368","2021-03-27",8,"Marlborough",17.03
"1369","2021-03-27",9,"Nelson",16.18
"1370","2021-03-27",10,"Northland",20.18
"1371","2021-03-27",11,"Otago",16.2
"1372","2021-03-27",12,"Southland",15.84
"1373","2021-03-27",13,"Taranaki",20.76
"1374","2021-03-27",14,"Waikato",20.51
"1375","2021-03-27",15,"Wellington",20
"1376","2021-03-27",16,"West Coast",15.9
"1377","2021-03-28",1,"Auckland",20.57
"1378","2021-03-28",2,"Bay of Plenty",18.41
"1379","2021-03-28",3,"Canterbury",18.34
"1380","2021-03-28",4,"Chatham Islands",15.94
"1381","2021-03-28",5,"Gisborne",19.49
"1382","2021-03-28",6,"Hawke's Bay",20.35
"1383","2021-03-28",7,"Manawatu-Wanganui",19.05
"1384","2021-03-28",8,"Marlborough",16.99
"1385","2021-03-28",9,"Nelson",15.92
"1386","2021-03-28",10,"Northland",20.52
"1387","2021-03-28",11,"Otago",17.05
"1388","2021-03-28",12,"Southland",15.54
"1389","2021-03-28",13,"Taranaki",19.46
"1390","2021-03-28",14,"Waikato",20.11
"1391","2021-03-28",15,"Wellington",19.05
"1392","2021-03-28",16,"West Coast",15.7
"1393","2021-03-29",1,"Auckland",20.43
"1394","2021-03-29",2,"Bay of Plenty",17.55
"1395","2021-03-29",3,"Canterbury",19.1
"1396","2021-03-29",4,"Chatham Islands",16.44
"1397","2021-03-29",5,"Gisborne",19.59
"1398","2021-03-29",6,"Hawke's Bay",20.29
"1399","2021-03-29",7,"Manawatu-Wanganui",18.93
"1400","2021-03-29",8,"Marlborough",18.49
"1401","2021-03-29",9,"Nelson",17.38
"1402","2021-03-29",10,"Northland",21.43
"1403","2021-03-29",11,"Otago",17.07
"1404","2021-03-29",12,"Southland",15.51
"1405","2021-03-29",13,"Taranaki",19.51
"1406","2021-03-29",14,"Waikato",18.84
"1407","2021-03-29",15,"Wellington",19.43
"1408","2021-03-29",16,"West Coast",15.95
"1409","2021-03-30",1,"Auckland",21.08
"1410","2021-03-30",2,"Bay of Plenty",18.85
"1411","2021-03-30",3,"Canterbury",15.09
"1412","2021-03-30",4,"Chatham Islands",16.32
"1413","2021-03-30",5,"Gisborne",21.47
"1414","2021-03-30",6,"Hawke's Bay",21.56
"1415","2021-03-30",7,"Manawatu-Wanganui",20.19
"1416","2021-03-30",8,"Marlborough",16.72
"1417","2021-03-30",9,"Nelson",17.33
"1418","2021-03-30",10,"Northland",21.44
"1419","2021-03-30",11,"Otago",14.88
"1420","2021-03-30",12,"Southland",14.91
"1421","2021-03-30",13,"Taranaki",20.3
"1422","2021-03-30",14,"Waikato",19.97
"1423","2021-03-30",15,"Wellington",18.35
"1424","2021-03-30",16,"West Coast",17.06
"1425","2021-03-31",1,"Auckland",20.44
"1426","2021-03-31",2,"Bay of Plenty",17.11
"1427","2021-03-31",3,"Canterbury",15.95
"1428","2021-03-31",4,"Chatham Islands",16.38
"1429","2021-03-31",5,"Gisborne",19.09
"1430","2021-03-31",6,"Hawke's Bay",19.98
"1431","2021-03-31",7,"Manawatu-Wanganui",19.31
"1432","2021-03-31",8,"Marlborough",14.31
"1433","2021-03-31",9,"Nelson",14.89
"1434","2021-03-31",10,"Northland",21.85
"1435","2021-03-31",11,"Otago",15.52
"1436","2021-03-31",12,"Southland",14.6
"1437","2021-03-31",13,"Taranaki",20.03
"1438","2021-03-31",14,"Waikato",18.45
"1439","2021-03-31",15,"Wellington",18.95
"1440","2021-03-31",16,"West Coast",17.39
"1441","2021-04-01",1,"Auckland",20.18
"1442","2021-04-01",2,"Bay of Plenty",18.18
"1443","2021-04-01",3,"Canterbury",12.7
"1444","2021-04-01",4,"Chatham Islands",16.21
"1445","2021-04-01",5,"Gisborne",19.91
"1446","2021-04-01",6,"Hawke's Bay",14.44
"1447","2021-04-01",7,"Manawatu-Wanganui",14.83
"1448","2021-04-01",8,"Marlborough",12.57
"1449","2021-04-01",9,"Nelson",14.89
"1450","2021-04-01",10,"Northland",19.37
"1451","2021-04-01",11,"Otago",14.77
"1452","2021-04-01",12,"Southland",15.71
"1453","2021-04-01",13,"Taranaki",16.04
"1454","2021-04-01",14,"Waikato",18.83
"1455","2021-04-01",15,"Wellington",14.51
"1456","2021-04-01",16,"West Coast",16.15
"1457","2021-04-02",1,"Auckland",18.88
"1458","2021-04-02",2,"Bay of Plenty",17.87
"1459","2021-04-02",3,"Canterbury",12.48
"1460","2021-04-02",4,"Chatham Islands",13.87
"1461","2021-04-02",5,"Gisborne",18.78
"1462","2021-04-02",6,"Hawke's Bay",17.87
"1463","2021-04-02",7,"Manawatu-Wanganui",15.77
"1464","2021-04-02",8,"Marlborough",14.37
"1465","2021-04-02",9,"Nelson",13.64
"1466","2021-04-02",10,"Northland",19.77
"1467","2021-04-02",11,"Otago",10.93
"1468","2021-04-02",12,"Southland",11.19
"1469","2021-04-02",13,"Taranaki",17.43
"1470","2021-04-02",14,"Waikato",17.28
"1471","2021-04-02",15,"Wellington",16.32
"1472","2021-04-02",16,"West Coast",12.07
"1473","2021-04-03",1,"Auckland",19.64
"1474","2021-04-03",2,"Bay of Plenty",16.73
"1475","2021-04-03",3,"Canterbury",13.95
"1476","2021-04-03",4,"Chatham Islands",13.06
"1477","2021-04-03",5,"Gisborne",16.21
"1478","2021-04-03",6,"Hawke's Bay",14.7
"1479","2021-04-03",7,"Manawatu-Wanganui",15.37
"1480","2021-04-03",8,"Marlborough",12.34
"1481","2021-04-03",9,"Nelson",12.15
"1482","2021-04-03",10,"Northland",20.95
"1483","2021-04-03",11,"Otago",12.24
"1484","2021-04-03",12,"Southland",11.34
"1485","2021-04-03",13,"Taranaki",17.15
"1486","2021-04-03",14,"Waikato",17.8
"1487","2021-04-03",15,"Wellington",15.08
"1488","2021-04-03",16,"West Coast",12.53
"1489","2021-04-04",1,"Auckland",19.99
"1490","2021-04-04",2,"Bay of Plenty",18.19
"1491","2021-04-04",3,"Canterbury",17.99
"1492","2021-04-04",4,"Chatham Islands",15.64
"1493","2021-04-04",5,"Gisborne",20.13
"1494","2021-04-04",6,"Hawke's Bay",19.89
"1495","2021-04-04",7,"Manawatu-Wanganui",16.62
"1496","2021-04-04",8,"Marlborough",17.74
"1497","2021-04-04",9,"Nelson",15.13
"1498","2021-04-04",10,"Northland",20.45
"1499","2021-04-04",11,"Otago",17.79
"1500","2021-04-04",12,"Southland",15.68
"1501","2021-04-04",13,"Taranaki",16.85
"1502","2021-04-04",14,"Waikato",18.32
"1503","2021-04-04",15,"Wellington",16.74
"1504","2021-04-04",16,"West Coast",13.74
"1505","2021-04-05",1,"Auckland",20.26
"1506","2021-04-05",2,"Bay of Plenty",19.66
"1507","2021-04-05",3,"Canterbury",19.87
"1508","2021-04-05",4,"Chatham Islands",16.24
"1509","2021-04-05",5,"Gisborne",21.78
"1510","2021-04-05",6,"Hawke's Bay",21.91
"1511","2021-04-05",7,"Manawatu-Wanganui",18.98
"1512","2021-04-05",8,"Marlborough",18.9
"1513","2021-04-05",9,"Nelson",18.12
"1514","2021-04-05",10,"Northland",20.24
"1515","2021-04-05",11,"Otago",15.66
"1516","2021-04-05",12,"Southland",12.93
"1517","2021-04-05",13,"Taranaki",19.95
"1518","2021-04-05",14,"Waikato",19.47
"1519","2021-04-05",15,"Wellington",19.15
"1520","2021-04-05",16,"West Coast",16.23
"1521","2021-04-06",1,"Auckland",21.3
"1522","2021-04-06",2,"Bay of Plenty",22.55
"1523","2021-04-06",3,"Canterbury",15.56
"1524","2021-04-06",4,"Chatham Islands",14.51
"1525","2021-04-06",5,"Gisborne",21.9
"1526","2021-04-06",6,"Hawke's Bay",21.23
"1527","2021-04-06",7,"Manawatu-Wanganui",18.65
"1528","2021-04-06",8,"Marlborough",15.79
"1529","2021-04-06",9,"Nelson",15.46
"1530","2021-04-06",10,"Northland",21.77
"1531","2021-04-06",11,"Otago",14.97
"1532","2021-04-06",12,"Southland",14.5
"1533","2021-04-06",13,"Taranaki",19.52
"1534","2021-04-06",14,"Waikato",21.23
"1535","2021-04-06",15,"Wellington",17.87
"1536","2021-04-06",16,"West Coast",13.65
"1537","2021-04-07",1,"Auckland",19.91
"1538","2021-04-07",2,"Bay of Plenty",19.36
"1539","2021-04-07",3,"Canterbury",13.98
"1540","2021-04-07",4,"Chatham Islands",14.95
"1541","2021-04-07",5,"Gisborne",19.26
"1542","2021-04-07",6,"Hawke's Bay",17.22
"1543","2021-04-07",7,"Manawatu-Wanganui",17.75
"1544","2021-04-07",8,"Marlborough",15.48
"1545","2021-04-07",9,"Nelson",16.89
"1546","2021-04-07",10,"Northland",20
"1547","2021-04-07",11,"Otago",13.65
"1548","2021-04-07",12,"Southland",13.34
"1549","2021-04-07",13,"Taranaki",18.2
"1550","2021-04-07",14,"Waikato",19.47
"1551","2021-04-07",15,"Wellington",16.56
"1552","2021-04-07",16,"West Coast",15.7
"1553","2021-04-08",1,"Auckland",19.61
"1554","2021-04-08",2,"Bay of Plenty",19.44
"1555","2021-04-08",3,"Canterbury",16.62
"1556","2021-04-08",4,"Chatham Islands",13.65
"1557","2021-04-08",5,"Gisborne",19.42
"1558","2021-04-08",6,"Hawke's Bay",18.89
"1559","2021-04-08",7,"Manawatu-Wanganui",18.3
"1560","2021-04-08",8,"Marlborough",16.87
"1561","2021-04-08",9,"Nelson",16.41
"1562","2021-04-08",10,"Northland",20.69
"1563","2021-04-08",11,"Otago",14.76
"1564","2021-04-08",12,"Southland",14.17
"1565","2021-04-08",13,"Taranaki",18.77
"1566","2021-04-08",14,"Waikato",18.67
"1567","2021-04-08",15,"Wellington",18.78
"1568","2021-04-08",16,"West Coast",15.11
"1569","2021-04-09",1,"Auckland",19.91
"1570","2021-04-09",2,"Bay of Plenty",17.66
"1571","2021-04-09",3,"Canterbury",15.62
"1572","2021-04-09",4,"Chatham Islands",14.07
"1573","2021-04-09",5,"Gisborne",18.73
"1574","2021-04-09",6,"Hawke's Bay",19
"1575","2021-04-09",7,"Manawatu-Wanganui",18.19
"1576","2021-04-09",8,"Marlborough",14.79
"1577","2021-04-09",9,"Nelson",14.55
"1578","2021-04-09",10,"Northland",20.58
"1579","2021-04-09",11,"Otago",14.1
"1580","2021-04-09",12,"Southland",14.74
"1581","2021-04-09",13,"Taranaki",18.27
"1582","2021-04-09",14,"Waikato",18.49
"1583","2021-04-09",15,"Wellington",18.01
"1584","2021-04-09",16,"West Coast",13.7
"1585","2021-04-10",1,"Auckland",19.3
"1586","2021-04-10",2,"Bay of Plenty",16.77
"1587","2021-04-10",3,"Canterbury",12.94
"1588","2021-04-10",4,"Chatham Islands",15.02
"1589","2021-04-10",5,"Gisborne",17.68
"1590","2021-04-10",6,"Hawke's Bay",16.38
"1591","2021-04-10",7,"Manawatu-Wanganui",16.5
"1592","2021-04-10",8,"Marlborough",12.66
"1593","2021-04-10",9,"Nelson",13.53
"1594","2021-04-10",10,"Northland",19.47
"1595","2021-04-10",11,"Otago",10.3
"1596","2021-04-10",12,"Southland",11.24
"1597","2021-04-10",13,"Taranaki",17.94
"1598","2021-04-10",14,"Waikato",17.46
"1599","2021-04-10",15,"Wellington",16.15
"1600","2021-04-10",16,"West Coast",13.53
"1601","2021-04-11",1,"Auckland",21.12
"1602","2021-04-11",2,"Bay of Plenty",19.62
"1603","2021-04-11",3,"Canterbury",16.83
"1604","2021-04-11",4,"Chatham Islands",15.79
"1605","2021-04-11",5,"Gisborne",21.36
"1606","2021-04-11",6,"Hawke's Bay",22.21
"1607","2021-04-11",7,"Manawatu-Wanganui",20.3
"1608","2021-04-11",8,"Marlborough",16.32
"1609","2021-04-11",9,"Nelson",15.26
"1610","2021-04-11",10,"Northland",21.25
"1611","2021-04-11",11,"Otago",16.21
"1612","2021-04-11",12,"Southland",14.63
"1613","2021-04-11",13,"Taranaki",19.93
"1614","2021-04-11",14,"Waikato",20.86
"1615","2021-04-11",15,"Wellington",18.92
"1616","2021-04-11",16,"West Coast",14.12
"1617","2021-04-12",1,"Auckland",21.33
"1618","2021-04-12",2,"Bay of Plenty",19.31
"1619","2021-04-12",3,"Canterbury",14.46
"1620","2021-04-12",4,"Chatham Islands",15.46
"1621","2021-04-12",5,"Gisborne",20.99
"1622","2021-04-12",6,"Hawke's Bay",20.54
"1623","2021-04-12",7,"Manawatu-Wanganui",19.52
"1624","2021-04-12",8,"Marlborough",15.93
"1625","2021-04-12",9,"Nelson",15.04
"1626","2021-04-12",10,"Northland",21.87
"1627","2021-04-12",11,"Otago",13.28
"1628","2021-04-12",12,"Southland",14.37
"1629","2021-04-12",13,"Taranaki",20.21
"1630","2021-04-12",14,"Waikato",20.01
"1631","2021-04-12",15,"Wellington",18.66
"1632","2021-04-12",16,"West Coast",13.27
"1633","2021-04-13",1,"Auckland",21.52
"1634","2021-04-13",2,"Bay of Plenty",20.7
"1635","2021-04-13",3,"Canterbury",11.93
"1636","2021-04-13",4,"Chatham Islands",15.78
"1637","2021-04-13",5,"Gisborne",21.62
"1638","2021-04-13",6,"Hawke's Bay",21.86
"1639","2021-04-13",7,"Manawatu-Wanganui",19.13
"1640","2021-04-13",8,"Marlborough",13.79
"1641","2021-04-13",9,"Nelson",12
"1642","2021-04-13",10,"Northland",21.54
"1643","2021-04-13",11,"Otago",10.18
"1644","2021-04-13",12,"Southland",10.38
"1645","2021-04-13",13,"Taranaki",18.87
"1646","2021-04-13",14,"Waikato",20.44
"1647","2021-04-13",15,"Wellington",18.05
"1648","2021-04-13",16,"West Coast",9.63
"1649","2021-04-14",1,"Auckland",17.07
"1650","2021-04-14",2,"Bay of Plenty",16.55
"1651","2021-04-14",3,"Canterbury",13.02
"1652","2021-04-14",4,"Chatham Islands",15.58
"1653","2021-04-14",5,"Gisborne",18.44
"1654","2021-04-14",6,"Hawke's Bay",17.51
"1655","2021-04-14",7,"Manawatu-Wanganui",15.4
"1656","2021-04-14",8,"Marlborough",13.13
"1657","2021-04-14",9,"Nelson",13.43
"1658","2021-04-14",10,"Northland",18.11
"1659","2021-04-14",11,"Otago",10.66
"1660","2021-04-14",12,"Southland",11
"1661","2021-04-14",13,"Taranaki",16.1
"1662","2021-04-14",14,"Waikato",16.18
"1663","2021-04-14",15,"Wellington",15.2
"1664","2021-04-14",16,"West Coast",13.43
"1665","2021-04-15",1,"Auckland",18.78
"1666","2021-04-15",2,"Bay of Plenty",15.58
"1667","2021-04-15",3,"Canterbury",13.63
"1668","2021-04-15",4,"Chatham Islands",14.3
"1669","2021-04-15",5,"Gisborne",18
"1670","2021-04-15",6,"Hawke's Bay",16.74
"1671","2021-04-15",7,"Manawatu-Wanganui",15.32
"1672","2021-04-15",8,"Marlborough",14.07
"1673","2021-04-15",9,"Nelson",13.36
"1674","2021-04-15",10,"Northland",18.98
"1675","2021-04-15",11,"Otago",12.67
"1676","2021-04-15",12,"Southland",12.94
"1677","2021-04-15",13,"Taranaki",16.86
"1678","2021-04-15",14,"Waikato",16.61
"1679","2021-04-15",15,"Wellington",16.28
"1680","2021-04-15",16,"West Coast",11.26
"1681","2021-04-16",1,"Auckland",19.66
"1682","2021-04-16",2,"Bay of Plenty",18.44
"1683","2021-04-16",3,"Canterbury",14.48
"1684","2021-04-16",4,"Chatham Islands",14.31
"1685","2021-04-16",5,"Gisborne",19.76
"1686","2021-04-16",6,"Hawke's Bay",19.53
"1687","2021-04-16",7,"Manawatu-Wanganui",16.9
"1688","2021-04-16",8,"Marlborough",15.56
"1689","2021-04-16",9,"Nelson",14.4
"1690","2021-04-16",10,"Northland",20.32
"1691","2021-04-16",11,"Otago",10.67
"1692","2021-04-16",12,"Southland",9.96
"1693","2021-04-16",13,"Taranaki",18.11
"1694","2021-04-16",14,"Waikato",18.24
"1695","2021-04-16",15,"Wellington",17.84
"1696","2021-04-16",16,"West Coast",11.98
